age,income,credit_history,loan_amount,gender,education,education_num,loan_status
73,47758.87060501412,0,14669.51901134253,0,High School,0,0
35,66584.39281838229,0,11242.984217619516,1,Bachelor,1,1
44,65954.72658241387,1,21444.656310352977,1,Bachelor,1,0
49,56457.11718708772,1,11701.347312674992,1,High School,0,0
40,61544.877546987576,0,27018.60731005021,0,High School,0,0
34,66557.63666601956,0,22587.09356018954,0,Bachelor,1,0
52,78701.67071761242,1,21611.001264737144,0,Master,2,0
46,55339.53595366499,0,12876.021934512744,1,Bachelor,1,0
39,74538.23032567881,0,21836.630559885525,1,Bachelor,1,0
48,60663.774764063535,1,21263.086137135506,1,Bachelor,1,0
62,82238.05595114746,1,24543.94614241824,0,Master,2,0
41,40725.479924019695,0,11131.849941521625,1,High School,0,0
31,74867.23360931719,1,22752.021536884637,1,Master,2,0
30,72571.49216862573,0,18752.152994402943,0,High School,0,0
45,67646.64912983777,0,18577.96510473614,0,Bachelor,1,1
40,65584.5361820962,1,9246.39866010384,0,High School,0,0
46,55890.43724284527,1,21635.76232711542,0,High School,0,0
36,54320.46849125203,0,17790.12944898442,1,Bachelor,1,0
37,68255.07738790204,1,16609.243996203462,0,High School,0,1
53,103086.08833296411,0,40419.501406665426,0,Master,2,0
65,55600.51736978255,0,17115.237612896697,1,High School,0,0
70,84686.54804757907,1,20225.246554397738,0,Bachelor,1,1
47,74380.67539538945,1,26597.889725969126,0,Bachelor,1,1
72,81358.71781863015,0,26397.856428135354,0,High School,0,0
58,58411.67612391269,0,19496.402764594906,0,High School,0,0
33,62333.87795628233,1,16571.385363626745,1,Bachelor,1,1
39,69853.02703883318,1,23208.38673054013,0,Bachelor,1,1
31,47287.461127177376,1,12877.44688704774,1,Bachelor,1,0
38,59338.72383747066,1,20581.324409470406,1,Bachelor,1,1
46,75722.40396426678,1,13191.998919226839,0,Bachelor,1,1
48,60922.438370251766,0,16107.364196179584,1,High School,0,0
42,74547.13183170526,0,30974.915038552554,0,Bachelor,1,0
44,108581.18057562184,1,28739.01689568505,0,PhD,3,1
27,60838.0350912883,0,15232.219039920554,1,Bachelor,1,0
33,65912.24937383243,0,17533.86811989985,1,Bachelor,1,0
36,73304.25087510266,0,15917.244583087582,1,Bachelor,1,0
34,71907.59171771676,0,10530.873634173764,0,Master,2,0
32,89953.00558237753,1,25832.969682095194,0,Master,2,0
35,61380.68795692131,0,19093.50350748468,1,Bachelor,1,0
46,107926.70675750982,1,32115.486684559684,0,PhD,3,1
51,58160.1937403077,0,16723.665312352874,0,High School,0,0
41,59904.51344639653,0,18186.558388170895,0,High School,0,0
54,68405.15837474566,0,25635.75487017752,0,Master,2,0
50,67419.45000995007,1,19273.604073338938,1,Master,2,0
63,76565.70510579448,0,20099.298646301995,0,High School,0,0
56,64521.7774052063,1,17950.90579712146,1,High School,0,0
42,68804.79795200824,1,23538.173184386353,0,High School,0,0
66,37357.565060244495,0,18267.403910789595,1,High School,0,0
60,72102.23403980424,1,18489.95151609538,1,Master,2,1
37,59923.08610184333,1,18471.594765697417,0,Bachelor,1,0
39,65921.03922359904,0,21468.09897675951,1,Bachelor,1,0
54,67745.4899824846,1,15360.756961101266,1,Bachelor,1,0
44,50280.05358500416,1,15186.101911565838,1,High School,0,0
64,45887.75411024171,0,6437.956946362036,1,High School,0,0
64,70242.35457299574,0,12227.454853201729,1,Bachelor,1,0
69,80345.745519723,1,25937.455695378183,1,PhD,3,0
62,91066.70981966081,1,25400.63923924433,0,Master,2,0
25,74210.06227159381,0,23274.420719584235,0,High School,0,0
58,76110.83479175162,1,22743.775552483738,0,Master,2,1
64,104273.63197915559,0,26400.089350427686,0,Master,2,1
62,95721.91564260385,1,28490.303182959473,0,Master,2,0
46,70834.44712781053,0,15084.827613268882,0,Bachelor,1,1
47,71994.67020423964,0,28553.26285127889,1,Bachelor,1,0
64,65737.06487588366,1,12941.26773846528,0,Bachelor,1,0
62,58154.858384723266,0,16467.53116057407,0,High School,0,1
44,67643.52548124627,0,15081.699704137638,1,High School,0,0
29,54510.22291935985,1,19205.172742611932,0,High School,0,0
53,70290.71740775117,1,19430.058365917837,1,Bachelor,1,0
44,95030.83067095325,1,25915.91560317992,0,Master,2,1
49,66324.92502195618,1,24163.485231844625,1,Bachelor,1,0
36,53568.879929145565,1,16217.816937131429,1,High School,0,0
41,86496.4863358632,1,28532.168130438793,0,PhD,3,1
54,76593.96699451483,1,18071.560415767126,0,PhD,3,0
41,82305.15568738038,1,17667.461986576578,1,Master,2,0
68,83662.4374708321,0,25634.771051450298,1,PhD,3,0
63,57121.842076353154,0,15542.32084543229,1,Bachelor,1,0
66,89260.49291042841,0,29910.32123539824,1,PhD,3,0
24,78672.75999230809,1,23202.285734379675,0,High School,0,1
60,85113.62722174721,1,26559.464862697314,0,Bachelor,1,1
66,68257.5379127148,0,12360.348724108222,0,High School,0,0
58,59089.927914447406,1,27169.163072405503,1,High School,0,1
49,64998.44559513445,0,18678.323753380173,1,High School,0,0
35,76434.79378670093,0,26418.372987706272,0,Bachelor,1,0
36,83198.10433718713,0,20778.972950058007,0,Master,2,0
37,74040.2008133367,1,23752.109755087717,0,Bachelor,1,0
54,77523.53500106768,1,16742.836682696576,0,High School,0,0
56,99896.45387609668,1,32229.275354127356,1,Master,2,0
56,55692.047734083215,0,14927.743898295797,1,Bachelor,1,0
62,67703.0561052022,1,20456.869351238496,1,Bachelor,1,1
67,67799.53704720536,0,23829.731264812097,0,Bachelor,1,0
48,62372.910664042756,0,12549.171643111426,0,High School,0,0
51,59394.39761466582,1,14395.860631335761,1,Bachelor,1,1
71,102767.56635859962,1,33116.891313013715,1,PhD,3,1
41,45783.08023985135,0,24226.03144468914,1,High School,0,0
71,53866.535696261904,0,15469.549035571163,1,Bachelor,1,0
70,94021.18320392484,1,31162.035550797114,0,Master,2,1
31,54376.0978302629,0,15777.971999786469,1,Master,2,0
53,62477.910300988486,1,28454.60106407804,0,High School,0,1
48,54080.815399777646,0,7488.136285107015,0,High School,0,0
64,67574.80518518863,0,20745.546778903376,0,High School,0,0
40,74577.52540142751,0,14245.537452617948,0,Bachelor,1,1
28,57077.617563706866,0,5000.0,1,Bachelor,1,0
22,61741.76417244897,0,20009.839517323773,0,High School,0,0
52,86845.18313148637,0,26751.0439201832,1,PhD,3,0
27,52552.05116028053,0,14341.430659373149,1,Bachelor,1,0
68,58996.14989220498,0,17167.87451746273,0,High School,0,0
36,67063.94466578355,1,35610.680570091354,0,Bachelor,1,1
52,67741.04276674724,0,19031.437139866997,1,Bachelor,1,0
27,64965.53124533758,1,22040.28117985165,0,High School,0,0
43,49245.18430900109,0,11526.731194630922,0,High School,0,1
63,91460.36289417637,1,28914.271743455927,0,Master,2,0
52,58926.960110616346,0,16486.919657906816,0,Bachelor,1,0
26,55373.80926038764,0,14559.550364467643,1,Bachelor,1,0
68,71906.61460856991,1,30666.477043572595,1,Bachelor,1,1
39,51801.04682141495,1,21426.23886234618,1,High School,0,1
32,39115.49556914971,0,12418.381907741066,1,High School,0,0
37,53380.05499346388,0,5000.0,1,Bachelor,1,0
49,49828.81814887009,0,13143.599328398177,0,High School,0,0
24,48287.46126508355,0,28001.376201550484,1,High School,0,1
38,66807.00712291403,1,18888.793803675668,1,Master,2,0
60,81553.32968390416,1,29982.086765439537,1,PhD,3,0
61,81149.34397727431,1,31554.5152029453,1,Master,2,1
67,82888.41141591001,1,25961.34300405288,0,Master,2,1
32,65917.4079991092,1,15566.114240391998,0,High School,0,1
63,108602.61749738829,1,20404.22359030204,0,PhD,3,1
70,63368.38637914601,0,22431.331956788574,0,High School,0,0
44,67705.25814740272,0,16237.797430103077,1,PhD,3,0
34,86988.71731838885,1,26977.367454955114,1,PhD,3,1
34,62102.583003045795,0,12381.673202966917,0,Master,2,0
58,82494.09977805904,1,23422.0422310667,1,PhD,3,0
48,75504.23889925057,0,22819.86694428044,0,Bachelor,1,0
31,64692.187212850346,1,20750.62406907659,0,High School,0,0
24,63701.93306809117,0,13536.46898366528,0,Bachelor,1,0
28,69944.41011705842,0,26967.87777892429,0,Bachelor,1,0
44,59417.78809509582,0,14840.86250486889,1,High School,0,0
49,67217.51587666152,1,11792.907460732229,0,Bachelor,1,1
65,77090.77010757705,1,22582.113932455795,1,PhD,3,0
65,33587.37072411658,0,10248.087762367275,1,High School,0,0
37,81989.84221589597,1,25399.89983062759,0,Master,2,0
67,94313.62549108527,1,35104.74966575098,1,PhD,3,0
56,88815.57212598696,1,25462.42745411679,1,PhD,3,0
48,95304.63770996571,1,27993.293191145855,0,PhD,3,1
63,66972.67434715388,1,14575.880397980696,0,Bachelor,1,0
28,87533.88720303953,0,30362.93367535134,0,PhD,3,0
30,86102.16169589222,1,26752.193829158183,0,Master,2,1
26,60769.72960968434,0,16130.78024643449,0,High School,0,0
26,46352.90570071622,1,5000.0,1,Bachelor,1,0
67,79057.18150269879,0,30939.215426085073,1,Master,2,0
47,70546.09790636618,1,15025.429549629569,0,High School,0,1
33,50100.58721422522,0,12073.786117419037,0,Bachelor,1,0
57,70465.60489696467,1,22931.404024469415,1,Bachelor,1,0
39,58437.45261318928,0,11548.446140873348,0,High School,0,0
62,80654.8993324023,1,16728.920908454973,0,Bachelor,1,1
62,98372.46923645228,1,18892.00285743236,0,Master,2,1
40,55895.54333070887,0,20373.64776374084,1,Bachelor,1,0
41,55105.589975724535,0,13805.74576908575,0,High School,0,0
48,56922.172999858434,0,31713.00236232418,1,High School,0,0
25,60658.738722161106,1,13225.846288493965,1,Bachelor,1,1
53,111949.36575836808,1,28977.554610365816,0,PhD,3,1
56,56330.894170603606,0,14072.303399754073,1,High School,0,0
62,70844.53220513134,0,22469.03293723185,0,Bachelor,1,0
38,55029.08611611622,1,14157.70914090831,1,High School,0,0
71,75075.89751257472,1,25584.430323784978,1,Bachelor,1,0
48,71343.90423989898,1,16510.229322026426,1,Master,2,0
29,82974.53261250175,0,17984.40119143262,0,Master,2,0
31,52414.14270573221,1,6733.169114674123,1,High School,0,0
39,70866.13141100052,0,10141.968583614173,0,Bachelor,1,0
59,60506.67887551629,1,15561.658565279602,0,High School,0,1
61,61055.29690819233,0,16811.687510491585,0,Bachelor,1,1
34,55656.957800921664,0,13539.902202860583,1,Bachelor,1,0
64,57634.62645833899,0,23507.416923437508,1,High School,0,0
27,59584.01630783438,0,24015.35594039099,0,High School,0,0
53,54626.14027938297,0,14713.827146592379,1,Bachelor,1,0
53,101527.22755116859,1,21488.562699390757,0,PhD,3,1
30,84576.05022640378,1,22539.28952764587,1,PhD,3,0
25,76025.14658129605,0,19808.43700480351,0,High School,0,0
51,61479.3216284066,0,15158.12167713169,1,Master,2,0
55,91318.56899089109,1,23906.9761777761,0,Bachelor,1,1
34,57152.45028911072,0,13878.420608109178,1,Bachelor,1,0
65,105180.61922557825,1,29621.477688184674,0,Master,2,0
32,98151.55494034784,1,26267.760988026566,0,PhD,3,1
39,97330.40085852359,1,30240.732800685037,0,PhD,3,1
66,63373.22449359074,1,20813.810927601528,1,Bachelor,1,0
47,60615.047111453496,0,13631.2886975236,1,Bachelor,1,0
26,91205.31658473873,1,33716.92160545678,0,Master,2,1
32,44774.4026031116,0,8532.009271730409,1,High School,0,0
60,78829.39738698053,1,15559.816147017473,1,Bachelor,1,0
48,47946.875594785946,1,16287.953035261042,1,Bachelor,1,0
37,71749.33998242099,0,17437.7613226546,1,Bachelor,1,0
63,69699.98983165555,1,22516.454303283605,0,High School,0,1
33,60034.11511100104,0,5991.891527797659,0,High School,0,0
30,80638.41187246986,0,31153.8032691563,1,PhD,3,0
52,63076.444288203755,0,22284.400326663133,1,High School,0,0
40,58701.10428357751,1,10107.948539258243,1,Bachelor,1,0
30,41820.20774612845,0,5152.176704607105,0,High School,0,1
60,73597.12295484169,1,30440.466406940144,0,High School,0,1
38,50532.15483294287,0,11472.746932393067,1,High School,0,0
52,55732.46778899369,1,12548.816093034988,1,High School,0,0
30,79878.01531235836,1,12633.144122961092,1,Master,2,1
37,43004.35806324452,0,11147.416390965585,1,High School,0,0
38,86203.92718111406,0,24722.580080155454,1,PhD,3,0
63,82435.44303011888,1,28308.09839288309,0,Bachelor,1,1
73,77304.82753136559,1,16196.0561184873,0,Bachelor,1,1
58,65618.2317230743,0,12084.035555719242,1,Bachelor,1,0
49,51418.22510842451,0,17680.280706409736,1,Bachelor,1,0
24,87355.55659020712,0,31240.31733319746,0,Master,2,0
61,82694.80894323922,0,16952.680927382346,0,High School,0,0
58,72129.52950867836,1,27046.42928410221,1,Bachelor,1,0
65,79703.97530192591,0,24098.90179801188,0,Master,2,0
48,97214.17317273103,1,34623.278647192536,0,PhD,3,1
36,68726.05995490834,0,20266.71617888442,1,Master,2,0
70,78052.66708662386,1,10804.410538547405,1,Bachelor,1,0
57,73257.1793776467,1,21217.316901713813,1,Master,2,1
29,51101.83660467836,0,20631.270074759857,0,Bachelor,1,0
47,72228.24115313652,0,17199.742250522384,1,Bachelor,1,0
42,59568.61103256233,1,15930.758465231438,0,High School,0,1
38,68591.40252859173,0,19696.753240822625,0,Bachelor,1,1
63,43696.308722052985,0,5000.0,1,High School,0,0
52,76997.13704890238,0,31455.878991858095,1,Bachelor,1,0
58,72058.59532838421,0,17110.70019902939,1,Master,2,0
65,54358.41001739775,1,18836.20016758332,1,High School,0,0
37,36139.91863053646,0,10408.469908419893,1,High School,0,0
64,77287.07126416563,0,29474.216661046492,0,High School,0,1
68,114154.07113088295,1,36276.50195140529,0,PhD,3,1
44,67964.38516153464,1,19214.694190855516,0,Bachelor,1,0
64,70678.3308284518,1,16735.92378593914,0,Bachelor,1,1
60,83062.33291578325,1,28907.953381645668,1,Master,2,0
55,81419.70620253014,1,15058.705340985958,0,Master,2,1
58,67501.4132272089,0,23479.876069542133,1,Bachelor,1,0
29,51055.8448892355,0,9821.529708996286,1,Bachelor,1,0
30,62953.96728317816,1,25147.608494736647,1,Master,2,0
64,80509.80014681049,1,24959.43775735662,1,Bachelor,1,0
68,50958.391721894026,0,18508.13635581875,1,High School,0,0
55,80885.0685543782,1,24675.464635437056,0,Master,2,0
47,72507.65845778551,0,12990.41206163067,0,Bachelor,1,0
63,55958.303489148035,0,12483.845229767718,1,High School,0,0
32,53087.98696555075,0,19288.342777722137,0,Bachelor,1,0
57,80349.38227453236,1,24938.093769158924,0,High School,0,0
66,55593.4995177673,1,22582.99938185855,1,High School,0,0
48,88030.02130447375,0,28425.37920652798,0,Master,2,0
63,55492.63641182229,0,11814.281470033387,1,High School,0,0
50,66303.66022585695,0,15910.777379153915,1,Bachelor,1,0
42,69290.42949495805,1,21301.7158011036,1,Bachelor,1,0
57,62723.589091012065,0,7246.8563973030905,0,High School,0,0
29,98267.70775216493,1,37847.521753764406,0,PhD,3,1
36,64186.87785816753,0,21464.797039338042,1,High School,0,0
35,70009.05699758731,1,27137.890084520554,0,Bachelor,1,0
50,66093.22284803823,0,11924.947150365624,1,Bachelor,1,0
34,38568.713399279455,0,17793.439821560114,1,High School,0,0
64,35074.1589053675,0,21679.74222674899,1,High School,0,0
31,73123.74105177974,0,15332.730538647334,0,Master,2,0
54,87678.26135823957,1,30160.487381990704,0,PhD,3,1
36,46961.73860068207,0,14094.071303641087,1,High School,0,0
70,69033.57772684791,0,12987.90407681315,0,Bachelor,1,1
52,92819.83695452128,1,30310.37094561573,0,Master,2,1
64,85142.2420050712,1,29710.6886257081,1,Master,2,0
39,62308.88694607182,1,15687.033320477312,1,Bachelor,1,0
62,59784.61371943866,1,23764.966717107713,1,Bachelor,1,0
55,72421.32991167431,0,13392.581939556307,1,Bachelor,1,0
52,68087.24184539054,1,12952.391821368941,0,Master,2,0
48,77452.29346937846,0,23918.675018757298,1,Master,2,0
67,52840.714350457594,1,15979.140694998636,1,High School,0,1
60,89286.40828248231,1,23203.055042624168,0,Bachelor,1,1
26,79953.34584148557,0,28033.9759323051,1,PhD,3,0
42,72262.62914834949,1,24333.26031558459,1,Master,2,1
53,87978.61628293466,1,30684.280239550477,1,PhD,3,0
31,68030.83397352207,0,19793.56801529528,1,Master,2,0
30,45309.12172983682,0,16605.63785884275,1,Bachelor,1,0
64,65256.37331767016,1,17348.660480151073,0,Bachelor,1,0
55,57481.71193248281,0,27513.60703017782,0,Bachelor,1,0
57,52480.99136605515,0,11681.568559206615,1,High School,0,0
51,61808.93277988362,0,29069.166981256647,1,Bachelor,1,0
39,79511.0120472475,1,24027.74334962129,1,Master,2,1
55,48804.21418192862,0,7763.7098067348725,1,High School,0,0
59,62877.5742540568,1,25703.669028660046,1,Master,2,1
54,63034.95104379604,0,19539.992255113608,1,Bachelor,1,0
45,78826.60839001011,1,27903.60300890422,1,PhD,3,1
24,41190.029441973966,0,18476.288425305156,1,High School,0,0
40,50396.97235281047,0,16808.869476568267,1,High School,0,0
54,68252.04517797427,0,17514.40932932821,1,Bachelor,1,0
61,55505.69150745747,0,21530.27434058349,1,High School,0,0
28,74585.97853114363,1,22379.571096616066,0,Master,2,0
52,94153.12458477978,0,31675.22646847603,0,Master,2,0
40,67156.28088443956,0,9378.231396374562,0,High School,0,0
35,63126.78907715736,0,21172.945308196468,1,Bachelor,1,0
43,77821.42545933936,1,20153.498512076658,0,Bachelor,1,0
39,60763.30171469631,0,26495.538700301542,0,Bachelor,1,0
33,75860.73877265785,0,25873.65837124283,1,PhD,3,0
21,70398.00870882538,1,22318.691341894097,0,Master,2,1
43,65215.806380377006,0,21996.291880864206,1,Bachelor,1,0
49,71832.11353573689,1,16557.429796337474,0,Master,2,1
42,81336.97689389111,1,32517.376520807604,0,Bachelor,1,0
43,79006.9975550763,1,33658.95135860742,1,PhD,3,0
73,96896.20201716087,1,31033.428157889342,0,Bachelor,1,1
53,80503.13407370503,0,32102.958064979703,0,Master,2,0
35,73008.40649563828,0,19056.780955328813,1,Master,2,0
60,65672.76635158494,1,15716.26207435058,1,High School,0,0
60,79823.58323066303,0,24151.69871284352,0,Master,2,0
33,31444.56103843462,0,11608.073503369878,1,High School,0,0
29,50999.89966092237,1,13330.036492061106,0,Bachelor,1,0
54,81927.12028861331,0,27266.977038426412,0,Bachelor,1,0
33,68014.81574715523,1,21936.392134513637,1,PhD,3,1
56,50618.941282449945,0,10194.148508279708,1,Master,2,0
29,74389.43524975367,1,24910.795662184708,1,Master,2,1
68,78789.25778962171,0,27954.41854949412,1,Master,2,0
37,52538.332745604566,0,16618.846411633323,1,Bachelor,1,0
54,76435.68319423257,0,28693.94547457823,1,PhD,3,0
30,82788.65813313393,1,18749.578472455418,0,Bachelor,1,1
42,63044.28253979152,0,21253.036872596713,1,Bachelor,1,0
51,57430.048615414686,0,11377.611052640532,0,High School,0,0
56,77473.40554729175,0,17671.61487302209,0,Master,2,1
69,96101.9181186261,1,25675.921266898877,0,Master,2,1
56,84203.98588395063,1,20550.894847313964,0,Bachelor,1,0
55,45491.5683127116,1,10907.49140010779,1,High School,0,0
26,67229.27457302005,0,19098.03081835007,1,Master,2,0
40,47495.617932078894,1,18434.45781128059,1,High School,0,0
60,102672.24111551137,1,29195.877141124896,0,Master,2,1
38,106832.38621712258,1,24121.587331288807,0,PhD,3,1
62,83756.21997245747,1,30827.205224213045,0,Bachelor,1,1
64,84617.9890877106,0,21199.94605823798,0,High School,0,1
38,86293.17949249563,0,25594.351712225547,1,Master,2,0
52,70105.8722312522,1,23264.44420407922,1,Master,2,0
50,66195.66883482014,0,20856.752742459954,1,Bachelor,1,0
31,97414.79323757344,1,34695.33570887941,0,PhD,3,1
56,35544.35036549581,0,13058.320826612538,1,High School,0,0
25,65858.1950062536,1,15450.910603390541,1,Bachelor,1,0
70,77155.51765081544,1,34039.466165202946,1,Master,2,0
38,80868.10151838738,1,25232.09777220738,1,Master,2,0
44,65637.51023661501,0,18954.55193787697,0,High School,0,0
43,72721.26659099251,0,26636.007092575608,0,Master,2,0
35,62531.49033874636,1,20006.70183127427,0,Bachelor,1,1
48,66597.64486685813,0,21975.434424754072,1,Bachelor,1,0
27,67193.49003905333,0,32618.96700471943,0,High School,0,1
41,81809.80480622457,1,23167.334300592138,0,Master,2,1
71,64020.90454234109,0,17617.466892615346,0,High School,0,0
48,53341.92126888623,0,16585.468940728188,0,Bachelor,1,0
49,48533.13888155948,0,19917.521342373035,1,High School,0,0
43,76375.86605106413,1,15380.089664367246,1,Master,2,0
69,64995.444289975334,0,9670.853829610074,0,Bachelor,1,0
38,83494.79821221081,1,22112.863110562503,0,Master,2,0
63,76674.43973195198,1,14832.717124289156,0,High School,0,1
42,59850.773319977074,0,15831.07525836493,0,Bachelor,1,0
28,71447.10474781084,0,23946.629904989702,0,Bachelor,1,0
43,91979.15537510655,1,23140.00229477065,0,Master,2,0
28,89724.99321907251,1,19783.36508181504,0,PhD,3,0
28,56776.54079785376,0,17379.648047932867,1,High School,0,0
21,53660.861457955136,1,20410.97586046239,1,Bachelor,1,0
61,76787.28529883879,0,14561.318397068571,0,High School,0,0
34,69071.98262603536,0,24822.756779340525,0,Bachelor,1,1
54,41975.05417645704,0,16679.04727162874,1,High School,0,0
61,66894.35812296455,0,24838.732947672506,1,Bachelor,1,0
46,80449.7851372224,1,30227.33661552515,1,Bachelor,1,1
47,67003.89166811567,0,31111.237123732782,1,Bachelor,1,0
34,52220.98548601713,0,13885.835402709863,0,Bachelor,1,0
40,88032.47500571393,1,26957.60040210347,0,Master,2,1
41,63665.34772162489,0,17017.412150247335,1,Bachelor,1,0
63,72986.60168643102,1,21905.86472970836,0,High School,0,0
40,63066.99862272718,0,26584.466364999713,1,Master,2,0
54,56190.784206316785,0,10132.16284224169,1,High School,0,0
31,68463.54733133556,0,16233.815838572791,1,Bachelor,1,0
72,69589.31663338708,0,27762.69967253893,0,Bachelor,1,0
45,74095.96656997559,0,27328.972505503123,1,Bachelor,1,0
40,73867.34620177331,1,20344.545626446605,0,High School,0,1
51,56677.84390769168,0,21275.363177911102,1,Bachelor,1,0
32,88341.05661536196,0,28208.396197068752,1,PhD,3,0
42,72860.02747253275,1,29359.381286764765,0,Bachelor,1,1
49,69496.11909988886,0,21221.38369910052,1,Bachelor,1,0
70,64865.9309419317,0,24587.93985194242,1,Bachelor,1,0
28,66254.16823691779,1,33086.31002353843,0,High School,0,1
26,88612.1743646375,0,29574.148084628578,0,Bachelor,1,0
52,75616.76922820261,0,22931.671597435,0,Master,2,0
71,64419.92100981783,0,22938.21122905025,0,High School,0,0
48,65914.45922525572,1,17947.93347655729,0,High School,0,1
25,56535.279878326524,0,28900.422491121615,1,High School,0,0
41,70043.32362452368,1,21913.352275837013,0,Bachelor,1,0
67,88670.38909546299,1,25236.450127511333,0,PhD,3,1
36,40211.407877940204,0,7884.977338281879,1,High School,0,0
47,80611.35362545581,0,29669.507045668935,0,Bachelor,1,0
55,38325.61088030442,0,15833.62032823002,1,High School,0,0
37,104954.42801105496,1,28999.556546246018,0,PhD,3,1
30,71701.98709196603,1,24392.852853201923,0,High School,0,0
38,53707.29687211748,1,8569.40922057096,1,Bachelor,1,0
69,76475.01259865638,0,23867.356654962696,1,Master,2,0
44,75431.7650468219,1,24893.311274430045,1,Master,2,0
56,81425.58345767956,1,32964.32408509998,1,Bachelor,1,1
33,48444.93264349429,0,10679.38577940484,1,Bachelor,1,0
61,54676.164553908195,1,10011.086222160835,0,Bachelor,1,0
42,71164.55645502935,0,16872.227131883592,0,High School,0,0
25,42867.258084986395,0,6177.3349239213185,1,High School,0,0
47,64685.88763668825,1,26089.053079801386,1,Bachelor,1,1
29,46158.93400529908,0,21590.876676709908,1,High School,0,1
37,59283.33018068823,1,19386.081943950616,0,High School,0,0
38,65322.66093915494,0,25703.273010172223,0,Bachelor,1,0
41,86824.8498610505,1,26717.246861216325,1,PhD,3,0
31,84385.31345148037,1,24840.03579694028,0,Bachelor,1,1
43,48897.525440362864,0,13004.06953684005,1,High School,0,0
42,40287.546680605315,1,10534.309047293766,1,High School,0,0
53,97980.23481101709,1,21655.06266175997,0,PhD,3,0
38,61092.86523891132,1,19649.13338971009,1,High School,0,0
69,44802.65714728282,0,13239.127593114627,1,High School,0,0
72,95163.93027208203,1,32275.982702013986,0,Bachelor,1,0
54,65330.141889872546,0,20066.66004915481,1,Bachelor,1,0
58,57162.7617212219,0,16335.310008521108,1,Bachelor,1,0
57,48519.8124230783,0,10199.978576885336,1,High School,0,0
32,63785.52876285914,0,19496.42481296655,0,High School,0,0
67,75735.0607664788,1,26411.704384024448,1,PhD,3,0
46,65366.24975404619,0,13893.179970794552,0,High School,0,0
55,64742.47316359723,1,19860.110717482865,0,Bachelor,1,1
62,65301.04174215229,0,20755.527280293107,1,Master,2,0
64,87413.70964873134,1,22633.788976528078,0,Bachelor,1,0
29,75120.06198821943,1,19596.737071925825,0,Bachelor,1,0
36,56935.64402007876,0,18233.7474498547,1,High School,0,0
47,61484.62553602488,1,12778.282569344348,1,Bachelor,1,0
49,69703.35137507506,0,22660.62398876948,1,Master,2,0
63,86294.87038012486,0,21411.689245741458,1,PhD,3,0
40,66494.73912832307,1,25262.690203663,0,High School,0,1
40,82860.47049537113,1,36547.279875552835,0,High School,0,1
70,87852.40506814148,1,22051.937511933345,0,PhD,3,1
51,70505.53220723422,1,23822.69897404364,1,Master,2,0
35,78947.39609437133,1,20050.5093039013,1,Master,2,0
39,42600.03120837569,0,17984.780231501652,1,High School,0,0
48,72263.27194602856,1,15352.689538382492,1,Bachelor,1,1
51,95418.57856230471,1,31028.507360829975,0,Master,2,1
43,95800.4072201726,1,24375.177331605013,0,Bachelor,1,1
53,76561.31459023907,0,21933.471431579877,0,Bachelor,1,0
34,49861.881873512466,0,9803.438186317206,1,High School,0,0
65,61510.39474946525,0,22564.870779318346,0,Bachelor,1,0
54,45706.56698023189,0,9527.068321871631,1,High School,0,1
58,86638.77343316257,0,28751.45332660791,0,Bachelor,1,0
29,94551.67746495381,1,26645.01309817448,0,PhD,3,1
54,74775.96159081146,1,21860.426618249123,0,Bachelor,1,1
56,81884.26461865273,0,25304.05892259646,1,Master,2,0
63,69535.48786406967,0,17051.523000926656,1,High School,0,0
38,79947.51326324882,1,25036.089546679083,0,Bachelor,1,0
53,103737.71621385586,1,38772.98768592881,0,PhD,3,1
57,45630.46174928113,1,9798.664595620769,1,High School,0,1
38,77498.38978180684,0,29108.567650911275,0,High School,0,0
48,64835.39188789414,1,26941.105733807162,1,Bachelor,1,0
48,57024.30625728172,0,13026.516932044295,1,High School,0,0
62,72978.72251514885,0,14618.343729091896,0,Master,2,0
23,74941.75844584561,1,23992.332034612507,0,PhD,3,0
62,69786.01651799603,0,18198.767341564446,1,Bachelor,1,0
64,71827.84426895194,1,30891.369376500596,0,High School,0,0
48,91563.60822926964,1,27643.12017128005,0,Bachelor,1,0
71,84909.45493135975,1,21461.83943923203,1,Master,2,1
41,53515.18188698429,0,10318.75701103673,1,High School,0,0
56,80266.7411583185,1,29529.5471429497,1,Bachelor,1,0
70,75400.87322065419,1,19764.342095775322,1,Bachelor,1,0
65,67352.94574249286,1,20425.027720049995,0,Bachelor,1,0
61,82484.68554772322,1,29524.419389879367,0,High School,0,0
32,69981.03437964451,0,18573.0185542392,1,Master,2,0
29,37162.58589323098,0,10919.13162426849,1,High School,0,0
30,66789.31290059278,1,19953.95182106523,0,High School,0,0
30,65513.91274416112,1,23070.796380828797,1,Master,2,0
29,74606.03628173874,1,25335.532562073247,0,Master,2,0
33,57190.921226539205,1,16056.707711687617,0,High School,0,1
59,70083.16692375237,1,21343.1953846083,0,High School,0,1
56,65971.56496217717,0,17932.574431035708,0,High School,0,0
57,59461.88591931295,0,10450.503741196659,0,High School,0,0
64,65143.68589682368,1,20831.11005603775,0,High School,0,0
39,62585.7702971915,0,28236.689893322786,0,High School,0,0
31,57587.45459832824,0,12857.640676043156,1,Bachelor,1,0
36,75811.53721401484,1,18878.312616190935,1,Master,2,0
52,69401.76288381353,1,16466.89000692535,1,Bachelor,1,0
44,64979.22855775751,1,23116.727460942868,1,Bachelor,1,0
68,50726.55652889289,0,17460.394229650068,0,High School,0,0
32,72461.0750213211,0,20945.634044314047,0,PhD,3,0
34,80283.84520660383,1,19495.058253786323,1,Master,2,0
41,75109.7904236951,0,22994.82108530815,0,Master,2,0
35,87683.51471305944,1,18481.94377723881,1,Master,2,1
27,84141.20324104796,0,25959.49380660185,0,PhD,3,0
29,60079.25610672109,0,22381.398762455996,1,Bachelor,1,0
46,67204.81386506329,1,13905.448476350597,0,High School,0,1
52,65746.16668736209,0,12061.258622060304,1,Bachelor,1,0
23,54802.2264589178,0,24337.857396149637,1,Master,2,0
65,71931.66560946623,1,18520.701485316946,1,Master,2,1
63,91109.27548279212,1,33012.52187455674,0,Bachelor,1,0
39,52702.706783138325,0,15040.823708952339,1,High School,0,0
36,69035.57900407126,1,19900.89961651474,1,Bachelor,1,1
41,87148.04949691641,1,28336.47834655815,1,PhD,3,1
36,42106.725113128865,0,8212.023250206455,1,Bachelor,1,0
45,79036.55722342303,0,24373.452884505135,1,Bachelor,1,0
35,66059.65553455865,0,17910.44958624713,0,High School,0,0
38,55228.006876055995,1,9965.934845791639,1,Bachelor,1,0
48,74497.02335192752,0,24036.51737921025,1,Master,2,0
67,68069.51858002154,0,19104.31653961688,1,Bachelor,1,1
42,84525.74030632214,0,24572.5979496731,0,Master,2,1
71,88469.86263319732,1,20490.154072888407,0,Bachelor,1,1
58,60180.221699037545,0,26011.06834852528,1,Bachelor,1,0
66,53245.10405847982,0,20357.102149474526,1,High School,0,0
32,72237.82755458035,1,26492.127687234,0,Master,2,0
54,52858.62968208278,0,14330.365392416423,1,Bachelor,1,0
52,83016.36124497945,1,16258.99392597673,0,Bachelor,1,1
66,78590.60398653417,0,33341.76810840781,0,Bachelor,1,0
39,76030.03517809002,0,22503.523013397666,0,PhD,3,0
28,51571.755560491576,0,11727.527688047203,0,High School,0,1
41,74574.72168011895,0,24456.424376451254,1,Master,2,0
43,61843.3439567417,1,24388.607127039,0,High School,0,1
46,69597.31091544952,0,20763.940494207523,1,Bachelor,1,0
61,44719.85968126452,0,19808.833744076226,1,High School,0,0
54,57114.62893990016,1,22549.388374554394,1,Bachelor,1,0
66,58766.399428614044,1,12248.013891573923,1,Bachelor,1,0
26,81914.49745422797,0,21205.39870797101,0,High School,0,0
55,72042.3081131206,1,26400.378250335016,1,Bachelor,1,0
34,84618.44189635996,1,11822.469749855798,1,PhD,3,0
56,70897.60357198647,1,20522.002605771,0,High School,0,0
53,67105.73774070409,0,12977.565314087868,1,Master,2,0
37,64048.76095888784,0,16831.859280498727,1,Bachelor,1,0
57,63858.60457293469,1,17663.480926734384,1,Bachelor,1,0
27,56235.05683107931,0,15079.295159786254,1,High School,0,0
33,49618.20613958242,1,12124.155581311683,1,High School,0,0
55,66261.77903661967,0,14392.815462841829,0,High School,0,0
42,56487.26814848792,0,28405.736778639803,1,High School,0,0
56,61689.353337529865,0,27844.11602206571,1,High School,0,0
46,66450.65981209448,0,14124.868842346928,0,Bachelor,1,0
44,78769.24010934969,1,31541.355789322744,0,Master,2,0
61,106115.53302204734,0,29837.332454249936,0,Master,2,0
27,39475.51186005649,0,12488.590924675498,1,Bachelor,1,0
50,55203.67705130983,0,16244.733315908368,1,High School,0,0
65,65529.7457656915,0,16360.180523437622,0,High School,0,1
39,63716.534472693806,1,24034.222059838874,1,Bachelor,1,0
46,65278.025073533136,0,20212.84017494323,0,High School,0,0
56,61873.20455938821,0,16179.204251720254,1,Bachelor,1,0
67,48913.21791959135,0,8151.018156875041,1,Bachelor,1,0
61,76537.60886123347,0,18493.30758977444,1,Bachelor,1,0
58,74827.78954776954,1,14241.436286320377,0,Bachelor,1,1
61,90458.4365862983,1,27198.648717965334,0,Master,2,0
26,83382.05755887972,0,19031.289306241935,0,Master,2,0
37,53639.88245951598,0,14764.162175262089,0,Bachelor,1,0
60,76337.72038985803,1,29751.825385009262,1,PhD,3,0
60,88202.9617310907,1,32457.38638393514,1,PhD,3,0
29,53065.407702535435,1,15758.23784024754,1,Bachelor,1,1
60,66219.87713726566,0,19430.53951046395,1,Bachelor,1,0
65,62437.379273544655,1,28130.586529168435,1,Bachelor,1,0
35,66650.73268427493,1,22599.000407076033,1,PhD,3,0
28,51796.25584700433,0,13899.844454718685,1,Master,2,0
68,58653.47398795678,1,10465.951610784772,1,High School,0,0
40,71020.84753557095,1,23275.620351495003,0,Bachelor,1,0
67,100124.34720446882,1,34183.92302425496,0,Bachelor,1,1
42,81290.37122279892,1,21228.853744271455,0,Bachelor,1,1
38,60827.53821305956,0,19704.275239608032,1,High School,0,1
53,71959.64222910552,1,19770.02619415651,1,Master,2,0
59,62916.923825364625,0,17954.915151614372,0,Bachelor,1,0
52,77961.14426491107,1,10949.232991661664,1,Master,2,0
30,59144.5154424034,1,16634.44761414034,1,Master,2,0
61,80058.77434991684,1,28864.478817015326,0,Master,2,0
52,75809.8269961206,0,19585.935321003388,0,Bachelor,1,1
49,68861.84166734104,0,20921.18434127889,1,Bachelor,1,0
66,40985.97837998028,0,8516.039980534482,1,High School,0,0
69,60929.157841528475,0,20080.955733922405,1,Bachelor,1,0
33,43513.89397741227,0,11971.552205542812,1,High School,0,0
41,62779.095635273705,0,14137.520987172076,1,Bachelor,1,0
26,53125.95663814387,1,22600.5443297688,1,High School,0,0
59,67193.68325956786,1,24802.765045531432,1,High School,0,1
30,46040.276157055414,1,10787.54902747575,1,High School,0,1
60,53448.64628026605,0,18523.535431168704,0,High School,0,0
70,86723.45318481809,0,28704.09596954733,0,Master,2,0
62,80793.9236315269,1,27449.683264513944,0,Master,2,1
71,77521.2120895038,1,14785.084146875748,1,Bachelor,1,1
37,53569.82402407869,1,21103.979912386745,1,High School,0,1
59,45963.06705029383,0,10940.425300459492,1,High School,0,0
47,59636.99275075004,0,16101.958158018675,0,High School,0,0
39,61988.19049740599,0,31785.865910522793,0,High School,0,0
25,67283.45652682439,0,21694.403861652376,0,Master,2,0
61,83157.22877810865,0,23015.556256196716,0,High School,0,0
29,74614.89713109104,1,11357.997275547783,1,Bachelor,1,0
39,63366.937282465246,1,25958.901854471354,0,High School,0,0
47,73635.30644185345,1,15364.543578513023,0,High School,0,1
52,59319.86933877052,0,12778.766284133637,1,Bachelor,1,0
22,55032.745611240694,0,14853.062187932961,0,Bachelor,1,0
61,62380.63465934042,0,25796.24935630359,1,High School,0,0
62,59101.44601791521,0,21596.63373870336,1,High School,0,0
29,65254.522812565556,1,18787.169294568368,0,Bachelor,1,0
24,52018.97184506392,1,17147.15187171328,1,High School,0,0
66,59065.48385966565,1,14717.716693544164,1,High School,0,1
33,90810.53487882849,0,27941.4289114753,1,PhD,3,0
56,75722.58490497484,0,23083.459195383133,0,Bachelor,1,0
67,71013.76281872278,0,26147.9783240236,1,Bachelor,1,0
48,66429.83850872064,1,24764.84216481094,0,Bachelor,1,0
66,64354.157343000305,0,21776.134113928314,0,Bachelor,1,0
54,84578.155496862,1,23561.70886132809,0,Bachelor,1,1
40,67852.51739930511,0,24064.866691742165,1,Bachelor,1,0
35,92535.90343316925,1,27300.928698935542,0,Master,2,1
26,73063.49397262844,1,16509.476348222866,0,High School,0,1
34,51163.81648187172,1,13332.705985006822,1,Bachelor,1,0
41,46168.62912172702,0,14273.22365543973,0,Bachelor,1,1
33,76986.8943803271,1,27647.147232421856,0,Master,2,1
50,73358.1583871118,1,21089.806655347773,0,Bachelor,1,0
30,59894.01780071086,0,11922.211784015228,0,Bachelor,1,0
38,56447.816061917576,0,17218.053235059368,0,High School,0,0
54,90101.95198863352,1,27597.86579687282,0,Bachelor,1,1
66,51856.633785338316,0,16486.17828011526,1,High School,0,0
26,59954.358856219,0,22585.665236637848,0,Bachelor,1,0
28,43624.00830404568,0,18181.818691663197,0,High School,0,0
43,65503.36788310431,1,16679.95600302296,1,Bachelor,1,0
31,58065.43220649562,0,14338.91237170397,0,High School,0,0
65,61585.342148581105,0,13274.609089796964,1,Bachelor,1,0
35,75646.83287432342,1,26188.128213699405,0,Master,2,1
26,64314.99575361861,1,26538.59926777416,0,High School,0,1
43,91951.54040060229,1,26010.052480636066,0,Bachelor,1,0
54,82955.01022444262,1,23679.35024370782,0,Bachelor,1,1
66,66719.11492669227,1,27349.647262502564,0,High School,0,1
60,84168.49528946706,1,27778.337852915152,0,Master,2,1
71,64633.26865820129,0,21571.159121465662,0,High School,0,0
60,87806.40912452145,1,20387.340207487803,0,Bachelor,1,1
36,64926.86554048697,1,22871.700008543186,0,Bachelor,1,1
58,76052.22708999983,0,18169.986424451155,0,Bachelor,1,0
67,77911.97901881086,0,17703.492775968465,0,Bachelor,1,0
48,51527.458418177106,0,13724.37964161957,1,High School,0,0
69,60055.24318084088,0,15087.609337008813,1,High School,0,0
38,84829.74503617668,0,24340.92503892781,0,Master,2,0
30,62124.93594538027,1,11432.572610989486,1,Bachelor,1,0
70,82462.105409203,1,29532.71315509926,1,Master,2,0
43,77263.99693560833,0,28817.630553264644,0,Master,2,0
38,61944.05289355404,0,8846.503497362139,1,Master,2,0
25,67562.51344656637,0,25161.043062302662,1,Bachelor,1,1
33,87720.40284017893,1,22263.477702945547,0,Bachelor,1,0
57,67923.63490171739,0,24661.968155429146,0,Master,2,0
42,60736.656993564815,1,17878.764634737367,1,Bachelor,1,1
48,45937.512645627896,0,13925.131614093361,1,High School,0,0
52,76444.42932059118,1,22007.84054907126,0,Master,2,0
21,82443.93937861013,0,30793.827834750467,0,Master,2,1
56,87995.18669760159,0,20200.615946655336,0,Bachelor,1,0
28,37431.811606459356,0,14268.745175612848,0,High School,0,1
64,62218.357016410046,0,24172.157929370765,1,Bachelor,1,0
27,54467.291796699225,0,19921.88794171182,0,Master,2,0
56,85543.35196476792,1,37286.500161047465,0,PhD,3,0
35,67500.52031478833,1,17605.422280813003,1,High School,0,1
36,55382.17966607946,1,21401.17801279149,0,High School,0,0
64,75061.20035591027,1,21987.90693006598,0,Master,2,0
41,50877.05159635359,0,21430.14586066942,1,Bachelor,1,0
47,69170.88281306738,0,20712.819865313366,1,Bachelor,1,0
61,85155.14558642471,0,23607.164766615064,1,PhD,3,0
53,49732.145571694,0,21450.004690866346,1,High School,0,0
46,88174.31683179627,1,23994.48535444423,0,Bachelor,1,0
49,82377.02343537733,1,17649.47823611042,0,High School,0,1
60,69406.65272803369,1,18237.761402540964,1,Bachelor,1,0
53,72209.47297473358,1,24758.006625362737,0,Master,2,1
72,99358.4350180916,1,36767.724263362936,0,Bachelor,1,1
66,113144.42391749196,1,34498.97405173015,0,PhD,3,1
46,79989.46987762232,0,30587.82629945682,0,Bachelor,1,1
66,69075.9765106258,1,13931.918345799771,0,Bachelor,1,1
64,66309.70659161963,0,17676.594653396372,0,High School,0,0
42,70796.3991895517,1,19796.044171095,0,Bachelor,1,1
43,75908.51304615577,0,22199.756776484133,0,Bachelor,1,0
69,72581.56059421547,1,22194.940119515624,1,High School,0,0
37,46691.31144564403,1,17461.948220654172,1,Bachelor,1,0
64,61338.65853396114,0,16177.563369335889,1,Bachelor,1,0
31,73141.69511953392,1,22637.651970625804,1,Master,2,0
46,76331.32140013155,0,22673.781968419207,0,Bachelor,1,0
24,85670.65795858916,0,21071.747868120998,0,Master,2,0
32,49900.87437598766,0,14401.92886738912,1,High School,0,0
57,58144.40068262093,0,16725.02255530069,1,High School,0,0
53,62291.444180338556,0,17862.030429086335,1,Bachelor,1,0
60,70685.45448640785,1,21364.433628829607,0,Bachelor,1,1
27,43721.40574634544,0,13494.789426970563,0,High School,0,0
70,91467.0997760492,1,25278.65403727811,0,Master,2,0
44,107915.56551584424,0,38738.2433246096,0,Master,2,0
73,67104.89260475438,0,14284.064635411229,1,Bachelor,1,0
58,52636.27241023437,0,12186.031180720827,1,High School,0,0
24,85205.42935074773,1,39461.4469263421,0,Master,2,0
48,66121.31347156613,0,14646.437266523688,1,Bachelor,1,0
68,72538.83393776146,0,14992.876807779645,1,Master,2,1
37,68407.83636554176,0,24194.734634668617,0,Master,2,0
55,87327.86742940164,1,15812.76095995112,0,Master,2,0
36,63632.360229840735,0,17913.338519090023,0,Bachelor,1,0
41,40300.78295021447,0,22819.359510446782,0,High School,0,0
46,85145.9222051373,1,17819.09705077419,0,Bachelor,1,1
30,79583.85819842042,0,13965.335030832559,0,Bachelor,1,0
67,87916.6097685108,1,18879.076920764746,0,Master,2,0
63,68890.74688205702,0,25159.021906352034,0,High School,0,0
36,41246.53121759667,0,17997.842965208063,1,High School,0,0
48,85843.39656778083,0,23190.074985441704,0,Master,2,0
30,70113.19411972606,0,24450.020255923162,1,Master,2,0
48,90625.1779912615,1,34138.8300349384,0,PhD,3,1
68,74446.54582058052,1,31270.695818323282,1,Master,2,1
25,72207.85725932683,1,20430.68077189881,0,Bachelor,1,0
56,77140.51943605873,1,11634.797242467686,0,Bachelor,1,1
25,63105.13848461778,0,14827.146933336902,1,Master,2,0
39,59847.70721933009,1,15820.291191122738,1,Bachelor,1,0
51,54364.30309784025,1,15014.596946460122,1,Bachelor,1,0
38,55217.17273471506,0,15625.85481537092,0,High School,0,0
40,63846.24371683879,0,24748.346104704982,0,Bachelor,1,0
29,76472.93428944323,0,29314.022420270878,1,Master,2,0
65,57975.76066918218,1,16534.359931130737,1,High School,0,0
48,45363.72759614426,0,19101.54265910237,1,High School,0,0
51,63732.362326298164,0,20908.015531044894,1,Bachelor,1,1
21,45971.04980444436,0,14113.844805646166,0,High School,0,0
30,48493.90931930955,0,19080.893581342683,1,High School,0,0
35,58064.923747959045,0,17780.73736557729,0,Bachelor,1,0
57,88443.05122802936,1,36821.97125389762,0,PhD,3,0
66,68018.73016583425,1,13213.563215777476,0,Bachelor,1,0
49,49742.745821816025,0,12346.969251084718,1,High School,0,0
34,56837.7032189824,0,16418.71648092497,0,High School,0,0
35,81683.79333694016,1,26702.401453372,0,Bachelor,1,0
33,62109.92752533376,1,24972.780693115572,1,Bachelor,1,1
54,107836.38752104789,1,32228.923420133582,0,Master,2,1
62,48387.428761916424,0,7405.080381043891,1,Bachelor,1,0
30,92592.33239786798,1,31990.269201635412,0,Master,2,0
27,70864.40870400728,0,25034.116441912007,0,High School,0,0
56,62459.64594947558,0,9028.600487945645,1,Bachelor,1,0
61,76271.3333647316,1,22862.379341065483,0,High School,0,1
69,101161.44963026229,1,22397.725735677195,0,PhD,3,0
24,66525.23740046592,0,16634.315732629464,0,Bachelor,1,0
59,67560.64513028,0,15754.148904269998,0,Bachelor,1,0
42,59659.8199400554,1,21944.269473226548,1,High School,0,0
28,80098.12095785927,1,24613.5871582187,0,High School,0,0
58,75533.54759418129,1,16232.10927447425,1,Bachelor,1,0
42,70221.3000153146,0,25466.71981938109,0,High School,0,1
38,59410.59137966095,0,10654.14829425621,1,Bachelor,1,0
65,53538.68235640163,0,17712.173659275206,1,High School,0,0
46,66794.03628061063,1,15968.157537725408,1,Bachelor,1,0
43,69104.23788448468,1,18902.885952692806,0,Master,2,0
67,83247.86232094729,1,27495.712436476104,0,Master,2,1
33,80940.27411072233,1,26889.329228514343,0,Master,2,1
26,33120.58134275091,0,16621.019770605075,1,High School,0,0
47,64595.56004641512,1,18967.39951556727,1,High School,0,1
32,56261.006074586454,0,18410.556137192638,1,Bachelor,1,0
50,80928.55755817812,1,22089.88065543181,0,Bachelor,1,1
46,60402.80228809551,0,19030.79009954264,1,Bachelor,1,0
41,61148.22060010732,0,20541.896420074754,1,High School,0,0
24,55958.449020712025,0,16295.985468941726,0,High School,0,0
34,72747.62861876938,0,12805.536165168332,0,High School,0,1
30,69153.44994001841,0,22403.38946366,1,Master,2,0
37,47630.908899266535,0,16112.080056557246,1,High School,0,0
44,76329.81236508506,0,19498.076327785762,1,Bachelor,1,0
43,42817.74750625189,0,6423.3890715129955,0,High School,0,0
53,70314.36941788529,1,28473.706577885412,1,Bachelor,1,0
47,92377.67016745977,1,30170.52860470994,0,Bachelor,1,1
54,75321.07282731014,0,21450.91669358449,0,Master,2,0
55,76656.76954508419,0,17311.86644778782,0,Master,2,1
56,58816.24880700993,0,13535.80049999625,1,Bachelor,1,0
70,95968.55925981919,1,35303.519761876916,1,PhD,3,1
60,88802.57046664089,1,27329.080844332497,1,PhD,3,0
47,89364.41137581752,1,24056.38807774172,0,Master,2,1
30,65685.55988429383,0,22254.114121411432,1,Master,2,0
59,63440.30012789028,1,14960.099101135467,0,High School,0,0
32,67062.11377237272,0,27622.849283113705,1,Bachelor,1,0
68,71815.46083536561,0,28308.640925093307,0,High School,0,0
34,63468.18396295402,0,16707.584832872322,0,High School,0,0
32,87008.77720729962,1,22959.28192703558,0,PhD,3,0
24,72500.61115268955,1,8659.517352345467,0,Bachelor,1,0
70,61061.28961502071,1,10910.483026749374,1,Master,2,0
32,47701.39260012687,0,7613.068905249279,1,Master,2,0
25,74030.67974882021,1,22885.15562958299,0,Master,2,1
42,83188.93960323973,1,23325.51335876512,1,PhD,3,0
54,54900.42207447986,0,9743.44918526775,0,High School,0,0
31,61292.1949037021,1,16981.838258787844,1,High School,0,0
26,64378.59746418458,0,21840.264977492116,1,Bachelor,1,0
27,62390.400341775334,0,21356.316852110536,1,High School,0,0
51,66786.61147855388,1,10537.632039271759,0,High School,0,1
48,62963.59500836829,1,18247.76110009133,1,Bachelor,1,0
49,60486.293000415884,0,11229.184015266714,1,Master,2,0
52,70088.744304249,1,25535.26677697607,0,Bachelor,1,0
34,74880.52846836756,0,26384.89062227776,0,Bachelor,1,0
25,64112.90909810457,0,14743.736597809077,1,Bachelor,1,0
53,54504.51104913519,0,12521.127302738558,1,High School,0,0
59,60207.257106239325,0,15755.841879380263,1,High School,0,0
36,76707.52106511116,1,11748.28934587665,1,Master,2,0
63,83179.42941906513,1,26633.66969292242,1,Bachelor,1,0
60,86071.78466907942,1,24457.312669023173,0,Master,2,0
38,40735.223416289155,0,17071.442437726044,0,High School,0,0
65,88604.89623973481,1,21089.42278210768,0,Master,2,0
49,57001.75978288365,0,14004.913193615437,1,Bachelor,1,0
27,65799.60731243018,1,12207.255903533476,0,Bachelor,1,1
73,65474.25568843814,1,14620.823889060175,1,Bachelor,1,0
66,71955.38905700808,0,15676.70673676133,1,Master,2,0
69,63249.47423079106,0,23954.710663469545,1,Bachelor,1,0
68,89527.35165416414,1,23366.896252492283,0,Bachelor,1,1
46,81618.02413414812,1,25106.2856639675,1,PhD,3,0
51,91513.80252574992,0,25550.323738415955,0,Master,2,0
65,79622.81534098825,0,17539.51827223241,1,Bachelor,1,0
43,81178.53463059454,0,23512.058273320148,0,Master,2,0
69,81186.8731792169,1,27351.578613083042,0,Bachelor,1,1
37,56478.449212881846,0,10904.737801147792,1,High School,0,0
47,82123.1538002845,1,28682.510093742243,0,Bachelor,1,1
59,84369.80687926272,1,21062.33745639033,0,PhD,3,1
32,71919.13859615641,1,19160.82194848272,1,PhD,3,0
38,68022.26224667202,1,23060.094289051845,1,Bachelor,1,0
27,51758.79190464819,0,12210.456785297016,1,Bachelor,1,0
45,58242.15225479088,0,17660.519973116592,1,High School,0,0
38,90286.6645303577,1,25512.545215166843,1,PhD,3,0
45,104917.07497107064,0,32121.962524840284,0,PhD,3,1
41,71362.82040150788,0,9505.150592834876,0,Bachelor,1,0
56,74004.53871616832,0,13052.952538810081,0,Master,2,0
35,66288.64338932125,1,22966.428047030564,1,Master,2,1
24,70688.27752653683,1,26392.3902862063,1,Bachelor,1,0
68,79892.1478429705,1,19415.210835233545,0,High School,0,1
49,79830.94684948833,1,22729.142293990826,0,Bachelor,1,1
56,70002.95148026264,1,22474.481708590298,1,Bachelor,1,0
70,102851.89916678892,1,34321.65775833019,0,Bachelor,1,1
50,55999.49202027098,1,6661.461247727051,1,Bachelor,1,0
58,73491.16590264188,1,17617.148535900677,1,PhD,3,1
29,45956.721284315856,0,12124.119486045382,1,High School,0,0
39,77133.5924470545,1,26655.778720296596,0,Bachelor,1,0
66,68424.7338212856,0,33019.572564993156,1,Bachelor,1,0
59,72830.44995439587,1,20709.10635227017,1,Bachelor,1,1
52,68175.18338932635,0,13417.667706277962,1,Bachelor,1,0
46,51353.02224357456,0,17417.247059078858,1,High School,0,0
27,47874.43458896224,0,20967.309324392223,1,High School,0,0
37,65341.259751321464,0,20142.448530293943,1,Bachelor,1,0
27,72726.07510324198,1,17284.57980520113,0,Bachelor,1,1
50,54610.5135958656,0,21173.123786159777,1,High School,0,0
46,69126.95316631673,1,24055.814042387196,1,Master,2,0
52,85051.71965714387,1,20385.111676165037,0,Bachelor,1,1
31,48618.3578847022,0,16492.63545308237,1,Bachelor,1,0
30,75330.15737634819,1,27585.37505119882,1,Master,2,0
54,58943.82818911646,1,23592.598669529405,1,High School,0,0
65,65596.24941094664,0,19346.62994673671,0,High School,0,0
37,84476.12668189197,0,23552.440773670998,0,Master,2,0
65,77555.47796713401,0,29403.012500546516,1,Bachelor,1,0
37,57387.052043321455,1,11165.31309809201,1,Bachelor,1,0
54,89040.6686151845,1,28905.097039160377,0,Master,2,1
32,70050.05684008365,1,14164.883915202947,1,Master,2,0
63,81073.1938825653,1,29648.839526067604,1,PhD,3,1
67,71400.2424585421,0,20129.845159506818,1,Bachelor,1,0
57,68137.08894947194,0,26784.042863078932,1,Bachelor,1,0
45,51674.04373845164,0,17959.276903313126,0,Bachelor,1,0
26,69326.37409644072,1,14681.811078622566,0,High School,0,1
32,68818.4615562768,0,27768.677127269257,0,Bachelor,1,1
27,68566.9759429635,1,28326.319115027698,1,High School,0,0
65,120079.16250616111,1,40435.18121484441,0,PhD,3,1
68,75785.50930752483,1,18927.71346707635,0,Bachelor,1,1
69,76736.62997468685,0,21490.919220619006,0,Bachelor,1,1
70,75257.25760477336,1,23304.313368460804,1,Bachelor,1,1
38,55583.95821113161,0,13156.635466682317,1,High School,0,0
45,46619.709425639834,0,22447.645690007972,0,High School,0,0
43,54736.245346453135,0,17142.505962566123,0,Bachelor,1,0
44,51872.66129869849,1,5000.0,1,High School,0,0
49,79627.37583173864,1,25584.99181330269,0,Bachelor,1,0
33,85568.73590507597,1,23929.833787436226,0,Master,2,1
48,94297.7145498385,1,27914.68158435931,0,Master,2,0
32,58403.02471634692,1,15677.810585975578,0,Bachelor,1,0
38,38438.56137031123,0,15566.800494126805,0,High School,0,0
33,89180.14195302145,1,32352.48147867334,0,Master,2,0
49,75518.03727034766,1,24070.676992397566,0,Master,2,0
69,48651.03131949996,0,12898.753460159194,1,High School,0,0
30,81450.63745959381,1,24228.50521383229,0,Master,2,1
49,55747.57891471588,1,16822.271757302904,1,High School,0,0
40,79462.71704886614,1,19826.664915335656,1,Master,2,0
49,89221.51613817511,0,29661.098084308705,0,PhD,3,1
54,54592.06476982518,0,18677.831050249883,1,High School,0,0
58,81894.17237599217,1,32270.457911681016,0,Master,2,1
25,64711.958255397716,0,25690.33637806169,1,Bachelor,1,1
49,86653.19323009568,0,22567.583381078053,0,PhD,3,0
42,77612.79905013814,1,27385.331587586265,0,Bachelor,1,0
61,89416.785413765,0,22070.26870865714,0,Master,2,0
65,59618.18312631033,1,21365.115442597344,1,High School,0,1
30,72834.71286646876,0,19267.34286614009,1,Bachelor,1,0
50,51319.24594366389,0,10279.507666221245,1,High School,0,0
41,70429.34953557145,0,22529.03157415846,0,PhD,3,1
42,63470.98960654872,1,5668.461241193912,1,Master,2,0
60,100288.57707813567,1,21331.69525141456,0,Master,2,1
36,81862.50634474646,1,23671.292484552523,1,PhD,3,1
52,58540.723266822446,0,17974.425813220947,0,High School,0,0
28,72891.06778710129,1,20020.72648533944,0,Bachelor,1,1
71,80728.42634427483,1,16321.346409694457,0,High School,0,0
59,61317.753836998505,0,14305.866940407024,0,High School,0,0
68,52561.94663324542,0,17724.630626160593,1,High School,0,0
55,55310.76857583917,0,19502.13942589356,0,Bachelor,1,0
55,42521.938838570844,0,12675.466063591546,1,High School,0,0
43,83020.76040143744,1,30690.397025616177,0,High School,0,1
42,46836.621614964315,0,16037.971601785466,1,High School,0,0
44,62577.21020816287,0,15035.8847926578,0,High School,0,0
58,98820.82310766986,1,28243.736665242872,0,PhD,3,1
42,77510.72104436974,0,16238.885527271646,1,Master,2,0
54,86669.8562773987,1,25460.26193126253,0,PhD,3,0
57,83632.79915677705,0,30650.342843139806,0,Bachelor,1,0
31,42224.57182560166,0,16093.821971235338,1,High School,0,0
57,76856.38551678462,0,30066.962284630994,1,Master,2,0
33,60846.3397272175,0,16739.47569917028,0,Bachelor,1,0
29,72835.0793193476,1,28581.022768375566,0,High School,0,1
33,58775.304807642606,0,16666.07031005293,1,High School,0,0
39,56270.79162632698,0,24239.16290074756,0,High School,0,0
37,71418.24853681937,0,21316.190823835193,0,High School,0,0
46,68224.29161614792,1,24003.444353865758,0,Bachelor,1,0
26,64444.701697393546,0,26708.97233076734,1,Bachelor,1,0
59,55375.0499015842,0,15645.376827569231,1,High School,0,0
31,42489.31446911908,0,13838.739278456596,0,High School,0,0
45,87715.42380418206,0,32758.94426728613,0,Master,2,0
43,44288.5512166165,0,12621.549545334632,0,High School,0,0
27,69079.60998386458,0,14119.421582628567,1,Bachelor,1,0
62,65644.11990921467,0,30408.27124568895,0,Master,2,0
62,65539.30307209108,1,17312.96859994164,0,High School,0,1
61,57812.67086676148,1,18137.581514716156,1,High School,0,1
33,67333.03786813637,0,25979.944707696544,0,Bachelor,1,0
61,52054.62697914839,0,12573.918575088506,1,Bachelor,1,0
44,61077.6624656336,1,13283.959173579427,0,Bachelor,1,1
68,92243.69863546574,1,28941.796074513884,0,Master,2,0
40,56494.48068291512,0,7982.962215312587,0,High School,0,1
29,65667.67181100973,1,18260.771158963318,1,Bachelor,1,0
52,58754.72138105293,0,18851.609735892907,1,Bachelor,1,0
58,38317.576809174745,0,10145.513558626604,1,High School,0,0
69,90832.78037316064,1,19532.579396019457,0,Bachelor,1,1
55,52375.16351771116,0,23683.438836333407,1,High School,0,0
61,72075.86181783519,1,22140.449315096434,0,Bachelor,1,1
65,69571.98970355927,1,28027.357499876485,0,High School,0,0
69,69134.14617316509,0,19440.062601047302,1,Bachelor,1,0
61,76278.80184694729,0,18483.580645630365,0,Bachelor,1,0
64,83543.88947851496,0,26409.07144483029,0,Master,2,0
57,63756.64794114609,0,18048.058750702727,0,High School,0,0
53,76720.93353074175,1,17127.472769265736,0,Bachelor,1,1
58,65666.41300418049,0,27048.845195191625,0,Bachelor,1,0
25,75013.44395761254,0,19392.682072813783,1,Master,2,0
30,56114.57446168789,1,7633.040414528521,0,Bachelor,1,0
30,59540.83707940771,0,24503.081393608976,1,Bachelor,1,0
58,63876.41196195943,1,16641.433509524708,1,Master,2,0
32,81994.62506804129,1,21559.268057334266,0,Master,2,1
63,67672.12484508115,1,11474.699518374475,0,Bachelor,1,1
65,82136.14464231096,1,33345.55082567824,0,Bachelor,1,0
26,63367.770735814134,0,12562.928284695801,1,Master,2,0
36,71514.95786561946,0,21746.734763214088,0,PhD,3,0
23,80158.44291431372,1,28610.634486996318,1,Master,2,0
29,77907.9864559171,1,25480.980601790612,0,Bachelor,1,1
71,63431.90683452879,0,18731.300490397676,1,High School,0,0
50,78201.91542894991,1,14952.24533724789,0,Bachelor,1,1
54,76235.01762590802,1,18821.881108935984,0,Master,2,1
45,56268.412682180155,1,17819.52549486666,1,Bachelor,1,0
29,62278.76493366376,0,14747.759130164146,1,Bachelor,1,0
64,68868.93547465422,0,21677.477942390105,0,Master,2,0
31,70743.31207827067,0,24631.71066755691,1,Bachelor,1,0
26,77962.71053725164,1,28201.327590176,0,Master,2,1
67,71680.85038049465,1,15373.35832508498,1,Bachelor,1,1
27,57223.94029362773,1,28150.412362983094,1,Bachelor,1,0
42,68401.00937868863,1,24357.69953637724,0,Bachelor,1,0
30,82692.94752580734,1,24799.31348939688,0,Master,2,0
24,58351.06969877463,0,22953.003825015592,0,High School,0,0
47,52947.208272746626,0,27711.201341823857,1,High School,0,0
69,86518.81422302543,0,18762.04376162328,1,PhD,3,0
27,71117.1791471616,1,20208.840531691712,0,High School,0,1
61,64438.26663445219,1,7439.321690969016,0,Bachelor,1,0
40,68183.95639689789,0,21418.44458230949,1,Bachelor,1,0
56,72068.06892837895,0,23447.391888139387,1,Bachelor,1,0
59,56815.01342537759,1,16848.693450399478,1,Bachelor,1,0
45,60974.7577293517,1,15019.75946381396,0,High School,0,1
53,69317.02953337021,0,10547.536279069436,0,Bachelor,1,0
30,80360.87651046256,1,25975.931370197613,0,Bachelor,1,1
43,67297.91027762296,1,27466.54550286351,1,Bachelor,1,0
68,57898.75739620357,1,14414.534940193911,0,High School,0,0
56,65423.833972235276,0,21827.449836786305,1,Bachelor,1,0
29,72176.53757511998,0,13812.239705435739,0,High School,0,0
35,44829.877936517,1,15735.02869941767,1,High School,0,0
46,63686.818645592044,0,17139.134104954326,1,High School,0,0
54,49090.56687490065,1,10915.080309455623,1,High School,0,0
67,81256.76855903705,1,20575.21236163046,0,Master,2,0
38,54502.11007766465,0,14382.575113134344,0,High School,0,0
66,106988.89558556779,1,34008.83525413301,0,PhD,3,1
50,82466.81131191898,1,18179.227387598105,1,PhD,3,0
41,71310.96436535401,0,19407.71265176694,1,Bachelor,1,0
30,54247.80529571272,0,16066.982698718079,1,High School,0,0
39,44194.30944214856,0,7763.096709985271,1,Bachelor,1,0
40,67564.26429194394,1,29252.605295958267,1,Master,2,0
34,69300.5928092089,1,16522.700442455964,0,Bachelor,1,0
28,53474.887627435375,0,12695.281720063158,1,High School,0,0
42,67153.37592933197,1,15254.473029687102,0,Bachelor,1,1
25,83936.5484764315,1,34173.36497862004,0,Master,2,0
41,76228.20875915368,1,25632.988770743512,1,Master,2,0
52,53328.43183197548,0,11315.569518374432,0,High School,0,0
70,74344.94063014734,1,27834.639983344045,0,Bachelor,1,1
49,72169.232422501,0,22654.26319819469,1,High School,0,0
51,50242.107978075146,0,16358.899498980052,0,High School,0,0
66,84070.50477177296,0,23498.765387769625,1,Master,2,0
27,52160.09668257391,0,11900.949069987306,0,High School,0,0
47,61446.09648822976,0,20122.659441741936,0,High School,0,1
60,61480.50628088122,1,15718.715734286416,0,High School,0,1
68,79706.61494280325,0,32995.7626307165,0,Master,2,1
24,63423.88720240402,0,12680.710634505684,1,Master,2,0
52,72243.90421431977,1,29353.95512857066,0,Bachelor,1,0
45,72093.02839451982,1,21071.31427436694,1,Master,2,0
44,55515.38378319657,0,18150.0438050645,0,High School,0,0
24,60447.33219314968,1,22299.988491092077,1,Bachelor,1,1
43,62049.355135661266,1,15463.5600656762,1,Bachelor,1,0
42,53335.4823870935,0,20321.886639621232,1,High School,0,0
32,80361.1821491113,0,10570.6353678275,0,Bachelor,1,1
66,83297.78074846537,1,21389.386558429916,0,PhD,3,0
56,66777.6143929377,0,15412.970281175982,0,High School,0,1
59,45263.65999932222,0,7311.567937937858,1,High School,0,0
40,47230.750724680984,0,13094.45102700954,0,High School,0,0
34,53406.28592540964,0,17950.635618531363,0,High School,0,0
58,76924.16218634069,1,26590.548648398737,1,PhD,3,0
59,85300.15828669646,1,26794.431272010977,0,Bachelor,1,0
38,64897.73352607403,0,16140.852733354475,1,Bachelor,1,0
56,69872.99440110069,1,22806.98050945604,0,Master,2,1
55,63037.19348612063,0,19532.586520090445,0,High School,0,0
50,71550.2577162435,1,26145.358154553134,1,Bachelor,1,0
68,79355.36229578598,0,27691.292203393376,0,Bachelor,1,0
25,52280.90587140717,1,15836.653831025294,1,Bachelor,1,0
64,87896.82151980128,0,21882.781425134097,0,PhD,3,0
42,81759.22235851284,1,21263.015928393448,0,Master,2,1
24,55126.57459916828,0,13789.025581560314,1,Bachelor,1,0
49,67245.824340857,0,18597.41563267582,1,Master,2,0
29,62696.16532620778,0,20149.1017358111,1,High School,0,0
25,60430.487698789526,1,21705.01826027715,0,High School,0,1
34,55807.7420056939,0,16486.729136631282,1,High School,0,0
28,76528.57584237437,1,23039.19669221467,0,Bachelor,1,1
48,79425.71318808805,1,24544.245481426435,0,Bachelor,1,1
47,58504.40180406312,0,14971.793975557235,1,Bachelor,1,1
28,70519.97862876693,0,16529.032300415296,0,PhD,3,0
41,53466.23994546121,0,7262.682497084814,1,Bachelor,1,0
31,80216.3182520856,1,20589.14868524132,0,Bachelor,1,0
